title,0
'Til There Was You (1997),0.8728715609439696
1-900 (1994),-0.6454972243679027
101 Dalmatians (1996),0.21113226604908078
12 Angry Men (1957),0.18428943911380222
187 (1997),0.027397823081401235
2 Days in the Valley (1996),0.0666541292818591
"20,000 Leagues Under the Sea (1954)",0.28976830915416396
2001: A Space Odyssey (1968),0.23088413157668894
"39 Steps, The (1935)",0.10645293678493904
8 1/2 (1963),-0.14297704926964916
8 Heads in a Duffel Bag (1997),-0.5773502691896258
8 Seconds (1994),-0.7559289460184545
A Chef in Love (1996),0.8685990362153791
Above the Rim (1994),-0.6454972243679027
Absolute Power (1997),0.085439841564047
"Abyss, The (1989)",0.20370855417493686
Ace Ventura: Pet Detective (1994),0.06268854737894658
Ace Ventura: When Nature Calls (1995),0.0945142727328554
Across the Sea of Time (1995),-0.13245323570650439
Addams Family Values (1993),0.13226352749186304
Addicted to Love (1997),0.02817277183511209
"Addiction, The (1995)",0.50709255283711
"Adventures of Pinocchio, The (1996)",0.11161565164113488
"Adventures of Priscilla, Queen of the Desert, The (1994)",0.054739986666229035
"Adventures of Robin Hood, The (1938)",0.14458739991114322
"Affair to Remember, An (1957)",0.22545147208347968
"African Queen, The (1951)",0.23054017001320048
Afterglow (1997),0.420084025208403
"Age of Innocence, The (1993)",-0.03717583687581432
Air Bud (1997),0.012556781044795884
Air Force One (1997),0.11316413225532544
"Air Up There, The (1994)",0.3273268353539886
Airheads (1994),-0.127952778712488
Akira (1988),0.14244969535875956
Aladdin (1992),0.19162081859838148
Aladdin and the King of Thieves (1996),-0.2620712091804795
Alaska (1996),-0.2631225691584915
Albino Alligator (1996),0.9684959969581861
Alice in Wonderland (1951),0.20243614340542737
Alien (1979),0.24899058113892725
Alien 3 (1992),-0.06474623924022338
Alien: Resurrection (1997),0.21775949373427178
Aliens (1986),0.2544437170371705
All About Eve (1950),-0.09877205998591254
All Dogs Go to Heaven 2 (1996),0.31224989991991997
Alphaville (1965),-0.21330168965347998
Amadeus (1984),0.19028048595893005
Amateur (1994),-0.13360239012861164
"Amazing Panda Adventure, The (1995)",0.425435629811517
American Buffalo (1996),0.7225916412701001
American Dream (1990),-1.0
"American President, The (1995)",0.11318903434350329
"American Werewolf in London, An (1981)",0.186325421747086
"American in Paris, An (1951)",0.07091085339236396
Amistad (1997),0.0951800373081981
Amityville 3-D (1983),0.4
"Amityville Curse, The (1990)",0.3333333333333333
"Amityville Horror, The (1979)",0.20026651479661348
Amityville II: The Possession (1982),-0.3223291856101521
Amos & Andrew (1993),0.1545950873011073
Anaconda (1997),-0.021536524612697422
Anastasia (1997),-0.1881983686078114
Andre (1994),0.24065547555594471
Angel Baby (1995),0.9622504486493763
Angel and the Badman (1947),0.4082482904638631
Angels and Insects (1995),0.24249250062155497
Angels in the Outfield (1994),-0.18460602191002493
Angus (1995),0.20672455764868078
Anna Karenina (1997),0.02271424028585057
Anne Frank Remembered (1995),0.02350935466610062
Annie Hall (1977),-0.10012003105121807
Another Stakeout (1993),-0.1316924917134692
Antonia's Line (1995),-0.0644982838567064
Aparajito (1956),-0.17407765595569782
"Apartment, The (1960)",-0.03692690178677995
Apocalypse Now (1979),0.028575841689307314
Apollo 13 (1995),0.2220061333714408
"Apostle, The (1997)",-0.205777361107393
"Apple Dumpling Gang, The (1975)",-0.11225512575071792
April Fool's Day (1986),-0.1251212376218514
Apt Pupil (1998),0.057033665188388954
"Aristocats, The (1970)",0.07243401459881393
Army of Darkness (1993),0.10384211002862322
Around the World in 80 Days (1956),0.09541442999486642
"Arrival, The (1996)",0.08550412220198561
Arsenic and Old Lace (1944),0.07394221901711118
As Good As It Gets (1997),-0.13046561461068848
Assassins (1995),-0.15615998978629508
"Assignment, The (1997)",-0.18569533817705186
"Associate, The (1996)",-0.01762114537444938
Audrey Rose (1977),0.14783926745495934
Austin Powers: International Man of Mystery (1997),0.37743279047354783
"Awfully Big Adventure, An (1995)",0.5445811486371709
B*A*P*S (1997),0.5
Babe (1995),0.18451190997468808
"Baby-Sitters Club, The (1995)",-0.19389168358237027
"Babysitter, The (1995)",-0.5
Back to the Future (1985),0.27483912752315376
Backbeat (1993),0.32157679193253297
Bad Boys (1995),-0.05065023142669801
Bad Company (1995),-0.3973597071195132
Bad Girls (1994),-0.7637626158259733
Bad Moon (1996),0.23145502494313783
Bad Taste (1987),-0.026198125853112323
Balto (1995),-0.07926622050368826
Bananas (1971),0.1840721621273562
"Band Wagon, The (1953)",-0.28544961285922504
Barb Wire (1996),0.3393125020486691
Barbarella (1968),-0.021020680265823724
Barcelona (1994),0.21047164819810676
Basic Instinct (1992),0.037229255107467434
"Basketball Diaries, The (1995)",-0.2775194978472005
Basquiat (1996),0.2868442007267808
Bastard Out of Carolina (1996),-0.40235342152431913
Batman & Robin (1997),0.2645320792583005
Batman (1989),0.28934438545964064
Batman Forever (1995),0.11366665858837391
Batman Returns (1992),0.05969117581868423
Bean (1997),0.07993737068908378
"Beans of Egypt, Maine, The (1994)",0.9999999999999999
Beat the Devil (1954),-0.25000000000000006
"Beautician and the Beast, The (1997)",0.03798530992989231
Beautiful Girls (1996),0.26530050275124967
Beautiful Thing (1996),-0.013466054463872647
Beauty and the Beast (1991),0.10619908808034043
Beavis and Butt-head Do America (1996),0.13294260017737441
Bed of Roses (1996),0.054025559902972226
Bedknobs and Broomsticks (1971),0.08083346521352477
Before Sunrise (1995),0.061146853909478154
Before and After (1996),0.017574611019068175
Before the Rain (Pred dozhdot) (1994),-0.6729773775727069
Being Human (1993),-0.3333333333333333
Being There (1979),0.171321324708529
"Believers, The (1987)",0.09364265456917051
Belle de jour (1967),-0.0035626740186090584
Ben-Hur (1959),0.04355313815462997
Benny & Joon (1993),0.016592663242436648
Best Men (1997),0.5590169943749475
Best of the Best 3: No Turning Back (1995),0.0
Better Off Dead... (1985),-0.03205356505203848
"Beverly Hillbillies, The (1993)",-0.13755535567588154
Beverly Hills Cop III (1994),0.06322216420069163
Beverly Hills Ninja (1997),0.37245071880626585
"Bewegte Mann, Der (1994)",-0.9999999999999999
Beyond Rangoon (1995),-0.34719044545041
Bhaji on the Beach (1993),0.2738612787525831
"Big Blue, The (Grand bleu, Le) (1988)",-0.15309310892394865
Big Bully (1996),0.13363062095621217
"Big Green, The (1995)",0.21119430154775587
"Big Lebowski, The (1998)",0.11909603232506209
Big Night (1996),0.15235907908380922
"Big Sleep, The (1946)",-0.033679210327761236
Billy Madison (1995),0.23655309301829208
Bio-Dome (1996),0.32794736071733194
"Birdcage, The (1996)",0.06054371464442576
"Birds, The (1963)",0.08373852349981321
Bitter Moon (1992),-0.4649905549752772
Black Beauty (1994),-7.883378422243474e-17
Black Sheep (1996),0.28448448827179024
Blade Runner (1982),0.1967149234471284
Blink (1994),0.0
Bliss (1997),0.75
"Blob, The (1958)",0.24768923090190367
Blood & Wine (1997),0.018964375692479378
Blood Beach (1981),0.2100420126042015
Blood For Dracula (Andy Warhol's Dracula) (1974),0.18898223650461365
Bloodsport 2 (1995),0.0
Blown Away (1994),0.4563487312326588
"Blue Angel, The (Blaue Engel, Der) (1930)",0.14443666622243312
Blue Chips (1994),-0.17960530202677488
Blue Sky (1994),0.6145365967606569
Blue in the Face (1995),0.30162467340889504
Blues Brothers 2000 (1998),0.24965401099812057
"Blues Brothers, The (1980)",0.19256034572864805
Bob Roberts (1992),0.1642268445919902
Body Parts (1991),0.04902903378454602
"Body Snatcher, The (1945)",0.3299144395369291
Body Snatchers (1993),0.2957811583774559
Bogus (1996),0.08323784420682527
"Bonheur, Le (1965)",-0.8660254037844387
Bonnie and Clyde (1967),0.08478139938157252
Boogie Nights (1997),-0.045660361036201434
Boomerang (1992),0.12077192797110842
"Boot, Das (1981)",0.11485723736201386
Booty Call (1997),0.10528788597763851
Bottle Rocket (1996),0.2254949458484845
Bound (1996),0.0899912712075707
Boxing Helena (1993),0.006446382789117422
Boy's Life 2 (1997),0.14638501094227999
Boys Life (1995),0.0
"Boys of St. Vincent, The (1993)",0.0
Boys on the Side (1995),-0.2445273915523769
"Brady Bunch Movie, The (1995)",0.11464994064232971
Braindead (1992),0.13650472655798704
Bram Stoker's Dracula (1992),0.18836874416376795
Brassed Off (1996),0.5151076970601716
Braveheart (1995),0.18415809862556817
Brazil (1985),-0.01072944358099524
Bread and Chocolate (Pane e cioccolata) (1973),-0.00965789216519457
Breakdown (1997),0.15553385277632129
Breakfast at Tiffany's (1961),-0.04352112107731472
Breaking the Waves (1996),-0.0378538504371836
Bride of Frankenstein (1935),-0.0034106062877919388
"Bridge on the River Kwai, The (1957)",0.3165797130273216
"Bridges of Madison County, The (1995)",-0.05032605080108541
Bringing Up Baby (1938),-0.05344093627019043
Broken Arrow (1996),0.1746592832308327
Broken English (1996),0.20044593143431827
"Bronx Tale, A (1993)",0.13607919639628824
Brother Minister: The Assassination of Malcolm X (1994),-0.3952847075210474
"Brothers McMullen, The (1995)",-0.014928223845464234
"Browning Version, The (1994)",-0.15567496226930977
Buddy (1997),-0.8703882797784891
Bulletproof (1996),0.23322901808285004
Bullets Over Broadway (1994),0.23104591775635172
Burnt By the Sun (1994),-0.2755272958155168
Burnt Offerings (1976),-0.7343031958475684
Bushwhacked (1995),0.4285714285714286
Butch Cassidy and the Sundance Kid (1969),0.2042753180910173
"Bye Bye, Love (1995)",0.32288852016214964
C'est arrivé près de chez vous (1992),0.1889822365046136
Cabin Boy (1994),-0.3338929019761455
"Cable Guy, The (1996)",0.14425613111299304
Calendar Girl (1993),-0.8660254037844385
Canadian Bacon (1994),0.11750388657785839
"Candidate, The (1972)",0.02809942305451913
Candyman (1992),0.20686451654009944
Candyman: Farewell to the Flesh (1995),0.18990438275678165
Cape Fear (1962),0.067980516829037
Cape Fear (1991),0.0013710287473664828
Career Girls (1997),0.10159670296203682
Carlito's Way (1993),0.10807697894268126
Caro Diario (Dear Diary) (1994),-0.22941573387056177
Carpool (1996),0.49236596391733084
Carrie (1976),-0.02837657077944488
Carried Away (1996),0.21320071635561047
Carrington (1995),0.15214515486254612
Casablanca (1942),0.24801601296896256
Casino (1995),0.008776715565474191
Casper (1995),0.06573588677165525
Castle Freak (1995),-0.5773502691896257
Cat People (1982),0.19716661596057505
Cat on a Hot Tin Roof (1958),0.07870635467029796
Cats Don't Dance (1997),0.050751921892255226
Caught (1996),-0.6123724356957946
"Celluloid Closet, The (1995)",-0.004311757583660023
Celtic Pride (1996),-0.6444022325288264
"Cement Garden, The (1993)",0.0
Cemetery Man (Dellamorte Dellamore) (1994),0.38617781750645847
Chain Reaction (1996),0.18895211581325422
"Chamber, The (1996)",-0.011144872044926146
Charade (1963),-0.112643811294099
Chasers (1994),-0.7857142857142858
Chasing Amy (1997),0.07453601489827798
Children of the Corn: The Gathering (1996),0.24077170617153845
Children of the Revolution (1996),0.0
Chinatown (1974),0.07870640522314176
"Christmas Carol, A (1938)",0.06469000591127717
Chungking Express (1994),0.06778941359389823
"Ciao, Professore! (1993)",0.7559289460184545
Cinderella (1950),0.29916287779855794
Cinema Paradiso (1988),0.10950013624301037
Circle of Friends (1995),0.06524954577104512
Citizen Kane (1941),0.07825018038750034
Citizen Ruth (1996),0.04586450169223188
City Hall (1996),0.025715347522738897
City Slickers II: The Legend of Curly's Gold (1994),0.317522259940777
City of Angels (1998),0.7071067811865475
City of Industry (1997),0.5212860351426868
"City of Lost Children, The (1995)",0.12604644274783358
Clean Slate (1994),0.10101525445522107
Clean Slate (Coup de Torchon) (1981),-0.7777777777777777
Clear and Present Danger (1994),-0.021853973503017887
Clerks (1994),0.01942315850311265
"Client, The (1994)",0.022911539355652263
Cliffhanger (1993),0.2092297356905502
Clockers (1995),0.07504428919979839
"Clockwork Orange, A (1971)",0.10017475707498627
"Close Shave, A (1995)",0.18345085555413113
Clueless (1995),-0.018472482632355767
Cobb (1994),0.007311746800347209
Cold Comfort Farm (1995),0.11021585205605626
"Collectionneuse, La (1967)",-0.9999999999999999
"Colonel Chabert, Le (1994)",-0.5
Color of Night (1994),-0.15657502514382465
Commandments (1997),1.0
Con Air (1997),0.24170458985309223
Conan the Barbarian (1981),0.001548862865368843
Coneheads (1993),0.33874496897878625
Congo (1995),0.014508188783188021
Conspiracy Theory (1997),0.1057581975995603
Contact (1997),0.13496195406423572
"Contempt (Mépris, Le) (1963)",0.10495671428119796
"Cook the Thief His Wife & Her Lover, The (1989)",-0.009195672411926465
Cool Hand Luke (1967),0.21254975299571144
Cool Runnings (1993),0.08655833897403938
Cop Land (1997),0.13452878231947624
Cops and Robbersons (1994),-0.3069703067574601
Copycat (1995),0.031792172288612114
"Corrina, Corrina (1994)",0.008892392083592635
Cosi (1996),1.0
Courage Under Fire (1996),0.046482934635336225
"Cowboy Way, The (1994)",0.15592552169108773
"Craft, The (1996)",0.24795323985007828
Crash (1996),-0.1485069771442666
Crimson Tide (1995),0.13105810963198433
Critical Care (1997),-0.5619514869490164
Cronos (1992),0.6393620130910062
Crooklyn (1994),-0.15118578920369088
Crossfire (1947),-1.0
"Crossing Guard, The (1995)",0.2341464528954235
"Crow, The (1994)",0.2281046348970271
"Crow: City of Angels, The (1996)",0.34076950942072937
"Crucible, The (1996)",0.05576017701528704
Crumb (1994),-0.08931198021941414
"Cry, the Beloved Country (1995)",0.1901597073139162
"Crying Game, The (1992)",0.06981407669689395
Curdled (1996),0.44444444444444436
"Cure, The (1995)",-0.37796447300922725
Cutthroat Island (1995),0.39668440683834605
Cyrano de Bergerac (1990),-0.006443168361980032
D3: The Mighty Ducks (1996),-0.3678061789603124
Dances with Wolves (1990),0.08152610016289297
Dangerous Beauty (1998),-0.05096471914376255
Dangerous Ground (1997),-0.33633639699815615
Dangerous Minds (1995),-0.021919676903838427
Dante's Peak (1997),0.010103231740566938
Dark City (1998),0.6054055145966811
Dave (1993),0.1638874782794867
"Davy Crockett, King of the Wild Frontier (1955)",-0.2626128657194451
"Day the Earth Stood Still, The (1951)",0.22610214265622677
Daylight (1996),-0.03406672256137213
Days of Thunder (1990),-0.017315679818357913
"Daytrippers, The (1996)",0.08947924869885987
Dazed and Confused (1993),0.10558708906974174
Dead Man (1995),-0.21571991696194623
Dead Man Walking (1995),-0.03415818557281299
Dead Poets Society (1989),0.07879862601601652
Dead Presidents (1995),-0.137688393923196
Dear God (1996),-0.2499999999999999
Death and the Maiden (1994),-0.06549210399944798
Deceiver (1997),-0.01760465162266344
Deconstructing Harry (1997),-0.3054407772460773
Deep Rising (1998),-0.5144957554275266
"Deer Hunter, The (1978)",0.03147210524287986
Delicatessen (1991),0.3026055465187812
Demolition Man (1993),0.02018425642570227
Denise Calls Up (1995),0.5118906968889915
"Designated Mourner, The (1997)",0.9707253433941508
Desperado (1995),0.04056541739803776
Desperate Measures (1998),-0.058577918612900605
Devil in a Blue Dress (1995),-0.03996818023119737
"Devil's Advocate, The (1997)",-0.05155987393720281
"Devil's Own, The (1997)",0.04935832845881113
Diabolique (1996),-0.03567727096418389
Dial M for Murder (1954),-0.09696537222991354
Die Hard (1988),0.1364951889376491
Die Hard 2 (1990),0.146131137657269
Die Hard: With a Vengeance (1995),0.21403410504354212
"Die xue shuang xiong (Killer, The) (1989)",-0.06155429172944785
Dingo (1992),-0.6622661785325219
Dirty Dancing (1987),-0.15691970572118813
Disclosure (1994),0.0
Diva (1981),0.03593907757577067
Dolores Claiborne (1994),0.09425668744119675
Don Juan DeMarco (1995),0.08087360843031882
Don't Be a Menace to South Central While Drinking Your Juice in the Hood (1996),0.06899059301564514
Donnie Brasco (1997),0.16910159199429162
"Doom Generation, The (1995)",-0.5891649892987402
"Doors, The (1991)",0.029859085633563546
Double Happiness (1994),-0.2592814894208659
Double Team (1997),-0.5695898320449774
"Double vie de Véronique, La (Double Life of Veronique, The) (1991)",-0.24274726174766342
Down Periscope (1996),0.22810689772573692
Down by Law (1986),-0.031775580917409396
Dr. Strangelove or: How I Learned to Stop Worrying and Love the Bomb (1963),0.02692114866320454
Dracula: Dead and Loving It (1995),-0.36880435884168267
Dragonheart (1996),0.1633340816764207
Dream Man (1995),-0.9999999999999999
Dream With the Fishes (1997),0.8040844011283461
Drop Dead Fred (1991),0.0391384731532631
Drop Zone (1994),-0.06903033603303617
Drunks (1995),0.2647058823529412
Duck Soup (1933),0.08823731075657708
Dumb & Dumber (1994),-0.06143769124548093
Dumbo (1941),0.31765614324914604
Dunston Checks In (1996),0.0769230769230769
Duoluo tianshi (1995),-0.9285714285714284
E.T. the Extra-Terrestrial (1982),0.30361947522222404
East of Eden (1955),0.1958016880499733
Eat Drink Man Woman (1994),-0.024643560215495627
Ed (1996),0.4082482904638631
Ed Wood (1994),0.026545375128343672
Ed's Next Move (1996),0.9999999999999999
Eddie (1996),0.13903759882286407
"Edge, The (1997)",-0.12716667311518645
Emma (1996),0.054011252502787654
"Empire Strikes Back, The (1980)",0.7483526074187072
Enchanted April (1991),0.09386247720324775
"Endless Summer 2, The (1994)",0.028676966733820197
"Enfer, L' (1994)",-0.8910421112136303
"English Patient, The (1996)",0.04901282385887629
"Englishman Who Went Up a Hill, But Came Down a Mountain, The (1995)",-0.2357503776279035
Eraser (1996),0.11305676688454741
Escape from L.A. (1996),0.0626116290923067
Escape from New York (1981),0.10557338798252935
Escape to Witch Mountain (1975),0.274343504175379
Eve's Bayou (1997),0.011298069881557576
Even Cowgirls Get the Blues (1993),0.2795084971874737
"Evening Star, The (1996)",0.2674523475799701
Event Horizon (1997),0.017956318136036195
Everyone Says I Love You (1996),-0.03965145821799617
Evil Dead II (1987),-0.19071947089600053
Evita (1996),0.07546070055127937
Excess Baggage (1997),-0.2399360255886275
Executive Decision (1996),0.05388201336748178
Exit to Eden (1994),-0.20677292849098738
Exotica (1994),-0.3737505715525544
Extreme Measures (1996),0.12954361235252726
Eye for an Eye (1996),-0.3049460841996665
Face/Off (1997),0.01137121074281116
Fair Game (1995),-0.6149186938124422
FairyTale: A True Story (1997),-0.5240713241024618
Faithful (1996),0.21073180760588114
Fall (1997),-0.9999999999999999
Fallen (1998),0.07243558228002941
"Family Thing, A (1996)",0.13987965652470738
"Fan, The (1996)",-0.15183263036931413
Fantasia (1940),0.10483675259279261
Far From Home: The Adventures of Yellow Dog (1995),-0.4385290096535145
Farewell My Concubine (1993),0.07589737361682812
"Farewell to Arms, A (1932)",-0.08833315666719671
Fargo (1996),0.04441459576062087
Farinelli: il castrato (1994),0.2608811238880856
"Fast, Cheap & Out of Control (1997)",-0.021372400933458168
Faster Pussycat! Kill! Kill! (1965),0.0
Fatal Instinct (1993),-0.15256986072691683
Father of the Bride (1950),-0.0017566989335697303
Father of the Bride Part II (1995),-0.021324897298531972
Fathers' Day (1997),-0.32661641404860153
Fausto (1993),-0.5
Fear (1996),-0.2719466328923056
Fear of a Black Hat (1993),0.135116001384382
Fearless (1993),0.11883041497219761
Feast of July (1995),0.45833333333333337
Feeling Minnesota (1996),0.45184805705753195
Female Perversions (1996),-0.6390644422470535
Field of Dreams (1989),0.28528638957450614
Fierce Creatures (1997),0.09465056753117033
"Fifth Element, The (1997)",0.14130272256503593
"Fille seule, La (A Single Girl) (1995)",-1.0
Fire Down Below (1997),0.19283351841949598
Firestorm (1998),-0.05103103630798289
"Firm, The (1993)",0.26587809444400434
First Kid (1996),-0.20169102638239372
First Knight (1995),-0.022880790882734526
"First Wives Club, The (1996)",-0.19449601940492833
"Fish Called Wanda, A (1988)",0.20946386072374884
Fled (1996),0.3249312003468058
"Flintstones, The (1994)",0.19725882761055938
Flipper (1996),-0.33295475210872727
Flirt (1995),0.3674842076295836
Flirting With Disaster (1996),0.0036849225711476506
"Flower of My Secret, The (Flor de mi secreto, La) (1995)",-0.16666666666666663
Flubber (1997),0.16547327214954347
Fluke (1995),-0.45883146774112343
Fly Away Home (1996),0.04525415836596911
"Fog, The (1980)",-0.01866633482366398
Fools Rush In (1997),0.18090680674665818
For Ever Mozart (1996),-1.0
For Love or Money (1993),-0.13363062095621217
For Whom the Bell Tolls (1943),0.20263958629144294
"Forbidden Christ, The (Cristo proibito, Il) (1950)",0.5
Forbidden Planet (1956),0.1651132962720784
Foreign Correspondent (1940),0.5990320737671665
Forget Paris (1995),0.053817887140462276
Forrest Gump (1994),0.1594089341771552
Four Days in September (1997),-0.8660254037844385
Four Rooms (1995),0.036925378066236476
Four Weddings and a Funeral (1994),0.009654531158752816
"Fox and the Hound, The (1981)",-0.014899886999008507
Foxfire (1996),-0.13826657968874306
Frankie Starlight (1995),-1.0
Free Willy (1993),0.11495970199877538
Free Willy 2: The Adventure Home (1995),0.0
Free Willy 3: The Rescue (1997),0.13641254065347636
Freeway (1996),-0.05205626744607287
French Kiss (1995),0.14867029053840392
French Twist (Gazon maudit) (1995),0.22278319716975176
Fresh (1994),0.3241763593892431
Friday (1995),0.38779629671833377
Fried Green Tomatoes (1991),0.052585803926973124
"Frighteners, The (1996)",0.3327293706843021
Frisk (1995),-0.944911182523068
From Dusk Till Dawn (1996),0.09035109506788207
"Fugitive, The (1993)",0.16152563385127366
Full Metal Jacket (1987),0.042141006480307046
"Full Monty, The (1997)",0.06021602910404818
Full Speed (1996),0.9999999999999999
"Funeral, The (1996)",-0.13106253719603433
Funny Face (1957),0.007246186565547029
G.I. Jane (1997),-0.17673403163544585
Gabbeh (1996),-0.07142857142857147
"Game, The (1997)",0.0718304319061646
Gandhi (1982),0.17521345388134604
Gang Related (1997),-0.07495316889958611
"Garden of Finzi-Contini, The (Giardino dei Finzi-Contini, Il) (1970)",0.2321469697602411
Gaslight (1944),0.25785717001186703
Gattaca (1997),0.2830045171884246
"Gay Divorcee, The (1934)",0.30890103160760785
George of the Jungle (1997),-0.01834956420333726
Georgia (1995),0.24469671544499633
Germinal (1993),-0.9819805060619656
Geronimo: An American Legend (1993),-0.5303300858899106
Get Shorty (1995),0.259182343963158
Get on the Bus (1996),0.11633501014942219
"Getaway, The (1994)",0.267927488654008
Ghost (1990),0.11061307981968804
"Ghost and Mrs. Muir, The (1947)",0.1374457563433317
"Ghost and the Darkness, The (1996)",0.22112297327911135
Ghost in the Shell (Kokaku kidotai) (1995),0.5995641118204178
Ghosts of Mississippi (1996),-0.08538490357590667
Giant (1956),0.4880934588049733
Gigi (1958),-0.10280597679625934
Girl 6 (1996),0.07647191129018722
"Glass Shield, The (1994)",-0.9999999999999999
Glengarry Glen Ross (1992),0.04046979660043259
"Glimmer Man, The (1996)",0.05704090983371111
Glory (1989),0.21922604450900046
Go Fish (1994),0.19230478952816454
"Godfather, The (1972)",0.18977507677636296
"Godfather: Part II, The (1974)",0.1455458755274191
Gold Diggers: The Secret of Bear Mountain (1995),-0.5822088423841008
Golden Earrings (1947),0.9999999999999999
GoldenEye (1995),0.13134823129177461
Gone Fishin' (1997),-0.09028938981432692
Gone with the Wind (1939),0.1292074994499811
"Good Man in Africa, A (1994)",0.9999999999999999
Good Will Hunting (1997),0.10955616343769269
"Good, The Bad and The Ugly, The (1966)",0.046072928968309765
GoodFellas (1990),0.109894466181071
"Goofy Movie, A (1995)",-0.06775963568181179
Grace of My Heart (1996),0.6454972243679029
"Graduate, The (1967)",0.01600838332784527
"Grand Day Out, A (1992)",0.0264655725121035
"Grass Harp, The (1995)",-0.7499999999999999
Grateful Dead (1995),-0.1348399724926484
Grease (1978),0.22755174167148803
Grease 2 (1982),0.05845626132973465
"Great Dictator, The (1940)",0.044260721330343596
"Great Escape, The (1963)",0.15547027708621314
Great Expectations (1998),0.11322770341445962
"Great Race, The (1965)",-0.028326126921532642
"Great White Hype, The (1996)",0.19836676469653136
Gridlock'd (1997),0.4258908746214245
"Grifters, The (1990)",0.09412954879145687
Grosse Fatigue (1994),-0.942857142857143
Grosse Pointe Blank (1997),0.15805375767573826
Groundhog Day (1993),0.13288685250383564
Grumpier Old Men (1995),0.04131474595971915
Guantanamera (1994),0.8660254037844387
Guilty as Sin (1993),0.0
Hackers (1995),-0.0679881229457733
Half Baked (1998),0.20754716981132076
Halloween: The Curse of Michael Myers (1995),0.17574581221603752
Hamlet (1996),0.04463325549587162
Happy Gilmore (1996),0.11337949189016339
Hard Eight (1996),0.35095178504350133
Hard Rain (1998),0.1906140919696554
Hard Target (1993),0.03832050875346356
Harlem (1993),-0.15289415743128767
Harold and Maude (1971),0.16631190002762095
Harriet the Spy (1996),-0.042988590622556805
"Hate (Haine, La) (1995)",-0.07958334581785674
"Haunted World of Edward D. Wood Jr., The (1995)",0.5838608063673332
Head Above Water (1996),0.5773502691896257
Hear My Song (1991),-0.4417261042993863
Hearts and Minds (1996),0.7559289460184542
Heat (1995),0.03752657251346252
Heathers (1989),0.01611132306965206
Heaven & Earth (1993),-0.09999999999999996
Heaven's Prisoners (1996),0.1264573889314175
Heavenly Creatures (1994),-0.06381079104505832
Heavy (1995),0.03686048903872428
Heavy Metal (1981),0.11306779828148449
Heavyweights (1994),0.046373889576016715
Heidi Fleiss: Hollywood Madam (1995) ,-0.136678087977298
Hellraiser: Bloodline (1996),0.3631354142015631
Henry V (1989),-0.048876975174286845
Herbie Rides Again (1974),-0.181355842726288
Hercules (1997),0.3025284088074698
Hideaway (1995),-0.14907119849998599
High Noon (1952),0.1294942113642185
High School High (1996),0.03733527149906794
Higher Learning (1995),-0.07068445242533043
Highlander (1986),0.15488246281863605
Highlander III: The Sorcerer (1994),0.45035197502448093
His Girl Friday (1940),0.10090091909944686
Hollow Reed (1996),1.0
Home Alone (1990),0.046227565121641535
Home Alone 3 (1997),0.17418541062770382
Home for the Holidays (1995),-0.18105432205167984
Homeward Bound II: Lost in San Francisco (1996),-0.21320071635561047
Homeward Bound: The Incredible Journey (1993),-0.1353411945569953
Hoodlum (1997),0.010383420438417983
Hoop Dreams (1994),0.048915329862444124
"Horse Whisperer, The (1998)",-0.9999999999999998
"Horseman on the Roof, The (Hussard sur le toit, Le) (1995)",-0.2548235957188127
Hot Shots! Part Deux (1993),0.22295695772581184
Hotel de Love (1996),-0.8660254037844385
"Hour of the Pig, The (1993)",-0.2828894749305018
House Arrest (1996),0.35090986283287046
House Party 3 (1994),-0.5031152949374526
"House of Yes, The (1997)",-0.2632450502727039
"House of the Spirits, The (1993)",0.08752555024926284
Houseguest (1994),0.20255466672963277
How to Be a Player (1997),0.3538365731701862
How to Make an American Quilt (1995),-0.08967692536082114
"Howling, The (1981)",-0.0577723748796109
"Hudsucker Proxy, The (1994)",0.16296491160072
"Hunchback of Notre Dame, The (1996)",0.0895747422283552
"Hunt for Red October, The (1990)",0.19543697786309466
Hurricane Streets (1998),0.9999999999999999
I Know What You Did Last Summer (1997),0.08524205908886026
I Like It Like That (1994),-1.0
I Love Trouble (1994),0.151744244666721
I Shot Andy Warhol (1996),0.31399569422691076
I'll Do Anything (1994),-0.23515854050088614
I'm Not Rappaport (1996),-0.17887071693606477
I.Q. (1994),0.16765105250036702
"Ice Storm, The (1997)",-0.023698279401488966
If Lucy Fell (1996),-0.03935907890476189
Immortal Beloved (1994),0.11006668862468662
In & Out (1997),0.0926027400098356
In Love and War (1996),0.108550066801774
In the Army Now (1994),0.28828199540682325
In the Bleak Midwinter (1995),-0.018824415287446383
In the Company of Men (1997),-0.020057369359335178
In the Line of Duty 2 (1987),-0.8660254037844385
In the Line of Fire (1993),0.04034709606655002
In the Mouth of Madness (1995),0.0405406886076064
In the Name of the Father (1993),-0.11939020338942653
In the Realm of the Senses (Ai no corrida) (1976),-0.8090398349558904
Incognito (1997),0.18898223650461363
Independence Day (ID4) (1996),0.24875400353299285
Indian Summer (1996),-0.07265392195447241
"Indian in the Cupboard, The (1995)",0.0692392662957068
Indiana Jones and the Last Crusade (1989),0.35010695830264016
"Inkwell, The (1994)",-0.5
"Inspector General, The (1949)",0.2579574193345183
Interview with the Vampire (1994),0.23869532827445136
Inventing the Abbotts (1997),-0.01954064450532463
"Island of Dr. Moreau, The (1996)",-0.013661488224539277
It Could Happen to You (1994),0.40361189166339606
It Happened One Night (1934),0.18877417182497222
It Takes Two (1995),-0.7559289460184542
It's My Party (1995),-0.3418817293789139
It's a Wonderful Life (1946),0.22284641652258227
Jack (1996),-0.21755270019510367
Jack and Sarah (1995),0.05337605126836237
"Jackal, The (1997)",0.29187232161501037
Jackie Brown (1997),0.01048210180535755
Jackie Chan's First Strike (1996),0.2511241791683125
Jade (1995),-0.015082424435169044
James and the Giant Peach (1996),0.2249026679584437
Jane Eyre (1996),-0.030015011259383217
Jason's Lyric (1994),-0.8944271909999157
Jaws (1975),0.26545937217623095
Jaws 2 (1978),0.19659478644673717
Jaws 3-D (1983),0.022075539284417404
Jean de Florette (1986),-0.10467752101880035
Jeffrey (1995),-0.0576689856873325
"Jerky Boys, The (1994)",-0.1889822365046136
Jerry Maguire (1996),0.03898827364710014
Jimmy Hollywood (1994),-0.38924947208076144
Jingle All the Way (1996),-0.3973511712032234
Joe's Apartment (1996),0.35560700590877414
Johnny Mnemonic (1995),-0.007420352017976958
"Journey of August King, The (1995)",0.18898223650461363
"Joy Luck Club, The (1993)",-0.9999999999999999
Jude (1996),-0.06250000000000001
Judge Dredd (1995),0.0969501551920812
Judgment Night (1993),0.3341931300373739
Jumanji (1995),0.0816243656393938
"Jungle Book, The (1994)",0.2163391611523128
Jungle2Jungle (1997),-0.0706448290670701
Junior (1994),-0.013950664903991187
Jurassic Park (1993),0.17212281999257356
"Juror, The (1996)",0.09625624407435676
Jury Duty (1995),0.3966291297514284
Just Cause (1995),-0.24462571584083903
Kalifornia (1993),0.013699854514120128
Kama Sutra: A Tale of Love (1996),0.489986732878108
Kansas City (1996),0.25122971720853104
Kaspar Hauser (1993),-0.8703882797784891
Kazaam (1996),-0.09090909090909091
Keys to Tulsa (1997),-0.26098171412640986
Kicked in the Head (1997),-0.5
Kicking and Screaming (1995),-0.5449272440954536
"Kid in King Arthur's Court, A (1995)",-0.0641430016952115
Kids (1995),-0.09839909645792098
Kids in the Hall: Brain Candy (1996),0.08368688104777858
"Killing Fields, The (1984)",-0.017122302749074485
Killing Zoe (1994),-0.14296387741471056
Kim (1950),-0.22941573387056177
King of the Hill (1993),0.5773502691896257
Kingpin (1996),0.1916434178074743
"Kiss Me, Guido (1997)",0.4256248860228432
Kiss of Death (1995),0.07564694744722342
Kiss the Girls (1997),-0.12218636275446373
Kissed (1996),0.45485882614734213
Kolya (1996),-0.04886625350897474
Koyaanisqatsi (1983),-0.10412414097938043
Kull the Conqueror (1997),0.2212936065830272
Kundun (1997),0.24109944471121691
L.A. Confidential (1997),0.3190645061387089
Ladybird Ladybird (1994),-0.9271726499455306
Lamerica (1994),-0.9999999999999999
Land Before Time III: The Time of the Great Giving (1995) (V),-0.31622776601683805
Lassie (1994),-0.1714985851425089
Last Action Hero (1993),-0.1284097479801752
Last Dance (1996),0.5122717640554155
Last Man Standing (1996),0.30527496572917134
"Last Supper, The (1995)",0.058809936647025794
"Last Time I Committed Suicide, The (1997)",0.5801193511153213
"Last Time I Saw Paris, The (1954)",0.9999999999999998
"Last of the Mohicans, The (1992)",0.0721921950709722
Late Bloomers (1996),-0.30151134457776363
Laura (1944),0.08572167219649603
Lawnmower Man 2: Beyond Cyberspace (1996),0.4009408088260705
"Lawnmower Man, The (1992)",0.2743184658948915
Lawrence of Arabia (1962),0.20723021403620193
Leave It to Beaver (1997),-0.04238087189581292
Leaving Las Vegas (1995),0.06891977495716041
Legal Deceit (1997),-0.9999999999999999
Legends of the Fall (1994),-0.042843638322855086
Liar Liar (1997),0.1502917685035789
"Life Less Ordinary, A (1997)",0.4116376612346416
Life with Mikey (1993),0.6324555320336758
Lightning Jack (1994),-0.7905694150420949
Like Water For Chocolate (Como agua para chocolate) (1992),0.14773821178036442
"Line King: Al Hirschfeld, The (1996)",0.9999999999999999
"Lion King, The (1994)",0.23560649875942025
Little Big League (1994),-0.27668684463685744
Little Buddha (1993),-0.17349228587308432
Little Lord Fauntleroy (1936),0.05407380704358753
Little Odessa (1994),-0.2091650066335189
"Little Princess, A (1995)",0.05647812471258134
"Little Princess, The (1939)",0.21997067253202995
"Little Rascals, The (1994)",0.12326671027227308
Little Women (1994),-0.12105329416226321
Live Nude Girls (1995),0.2508559789760297
Living in Oblivion (1995),-0.05369030272637468
Loaded (1994),0.0909090909090909
Local Hero (1983),-0.12417255801973456
Loch Ness (1995),0.5773502691896258
Lone Star (1996),0.1187932859894437
"Long Kiss Goodnight, The (1996)",0.14609079293697624
Looking for Richard (1996),-0.14710678922862214
Lord of Illusions (1995),-0.037776628030430255
Losing Chase (1996),0.033407655239053036
Losing Isaiah (1995),-0.4570187689337443
Lost Highway (1997),0.0021832574305892813
Lost Horizon (1937),0.17499247982361113
"Lost World: Jurassic Park, The (1997)",0.12357764429064193
Lost in Space (1998),0.34871845820543945
Love & Human Remains (1993),-0.0986690271720408
Love Affair (1994),-0.037229039552496984
"Love Bug, The (1969)",0.08869910215093679
Love Jones (1997),0.37674565695385837
Love Serenade (1996),0.4714045207910316
Love and Death on Long Island (1997),-1.0
Love and Other Catastrophes (1996),-0.1084652289093281
Love and a .45 (1994),-0.33734954246999327
Love in the Afternoon (1957),0.9233805168766389
Love! Valour! Compassion! (1997),0.005425495933340059
Lover's Knot (1996),-0.9999999999999999
"Low Down Dirty Shame, A (1994)",0.42063423372870495
M (1931),-0.1830529422300279
M*A*S*H (1970),0.13886150282913168
M. Butterfly (1993),0.1730129508244783
Ma vie en rose (My Life in Pink) (1997),-0.004685395704936461
Mad City (1997),-0.2259129978899619
Mad Love (1995),-0.2558831578595795
Madame Butterfly (1995),0.5854905538443587
Made in America (1993),-0.12844577259807538
"Madness of King George, The (1994)",0.20302121686153513
Madonna: Truth or Dare (1991),0.006739548325214908
"Magic Hour, The (1998)",-0.9707253433941506
"Magnificent Seven, The (1954)",0.18510241594455173
Major Payne (1994),-0.34561105973087003
Malice (1993),-0.3535533905932736
Mallrats (1995),0.11408015574602508
"Maltese Falcon, The (1941)",0.14179695810709997
"Man Who Knew Too Little, The (1997)",0.24921971504234078
"Man Who Would Be King, The (1975)",0.2786903229927509
"Man Without a Face, The (1993)",-0.010365892277114834
"Man in the Iron Mask, The (1998)",0.6087807775281012
"Man of No Importance, A (1994)",0.4772970773009197
Man of the House (1995),0.23446750597571814
Man of the Year (1995),1.0
"Manchurian Candidate, The (1962)",-0.020115802336761905
Manhattan (1979),0.02500136909569139
Manhattan Murder Mystery (1993),0.22046365571119558
Manny & Lo (1996),-0.3309112606779027
Manon of the Spring (Manon des sources) (1986),0.1899839380411276
Margaret's Museum (1995),-0.5222329678670935
"Mark of Zorro, The (1940)",-0.2911112548697908
Marked for Death (1990),-0.5393656002227413
Mars Attacks! (1996),0.03956993966608652
Marvin's Room (1996),-0.0778517278404066
Mary Poppins (1964),0.13489249167334133
Mary Reilly (1996),0.18255352115685822
Mary Shelley's Frankenstein (1994),0.030666604410103757
"Mask, The (1994)",0.2146239644370964
"MatchMaker, The (1997)",-0.10604437767613949
Matilda (1996),0.13427358577380005
Maverick (1994),0.0792349669703295
Maximum Risk (1996),-0.05231762400604166
Maya Lin: A Strong Clear Vision (1994),0.9999999999999998
"Maybe, Maybe Not (Bewegte Mann, Der) (1994)",0.24999999999999994
McHale's Navy (1997),-0.23976345768664487
Mediterraneo (1991),-0.07969718549594372
Meet John Doe (1941),0.6333118779395078
Meet Me in St. Louis (1944),0.3424235876065754
Meet Wally Sparks (1997),0.15504341823651055
Men in Black (1997),0.2025116663529804
Menace II Society (1993),-0.10896847916819805
Mercury Rising (1998),0.24999999999999994
Metisse (Café au Lait) (1993),0.0
Metro (1997),0.18037381913500142
Miami Rhapsody (1995),-0.5200216680209274
Michael (1996),0.14082437022788707
Michael Collins (1996),0.03915858050484832
Microcosmos: Le peuple de l'herbe (1996),0.26433289530505166
Midnight Dancers (Sibak) (1994),0.5
Midnight in the Garden of Good and Evil (1997),-0.20744029563764144
Mighty Aphrodite (1995),0.13014847828161272
Mighty Morphin Power Rangers: The Movie (1995),0.2695819330085961
Milk Money (1994),-0.05059319218241998
Miller's Crossing (1990),-0.07373469714350768
Mimic (1997),0.08832652042396713
Miracle on 34th Street (1994),0.3109212626475997
"Mirror Has Two Faces, The (1996)",-0.05302018232357147
Mission: Impossible (1996),0.14753150336266102
"Misérables, Les (1995)",-0.059658316019024334
Mixed Nuts (1994),-0.6218587429345505
Moll Flanders (1996),0.3098085943766145
Mondo (1996),0.9999999999999999
Money Talks (1997),0.16115960683112418
Money Train (1995),0.14336481634891815
"Month by the Lake, A (1995)",-0.5728219618694801
Monty Python and the Holy Grail (1974),0.20702708344086834
Monty Python's Life of Brian (1979),0.2061611625744617
Moonlight and Valentino (1995),0.25
Mortal Kombat (1995),0.04314744636313456
Mortal Kombat: Annihilation (1997),0.21023928335471473
Mother (1996),0.1518523780862173
Mother Night (1996),0.1941450686788301
Mouse Hunt (1997),0.25559045964883814
Mr. Holland's Opus (1995),0.020566414166013146
Mr. Magoo (1997),-0.7119906551839755
Mr. Smith Goes to Washington (1939),0.06521943030618284
Mr. Wrong (1996),0.0958706236059213
"Mrs. Brown (Her Majesty, Mrs. Brown) (1997)",0.1802637808328358
Mrs. Dalloway (1997),0.0
Mrs. Doubtfire (1993),0.08400445235396564
Mrs. Parker and the Vicious Circle (1994),-0.07911740150932997
Mrs. Winterbourne (1996),0.45298938262601685
Much Ado About Nothing (1993),-0.002130418102043204
Mulholland Falls (1996),0.25797973890623854
Multiplicity (1996),-0.008779367955178507
Muppet Treasure Island (1996),0.22567739526913094
Murder at 1600 (1997),-0.06477802710723622
Murder in the First (1995),-0.022138405271974915
"Murder, My Sweet (1944)",-0.12098347962395677
Muriel's Wedding (1994),0.02512740836025087
Mute Witness (1994),-0.144785126719752
My Best Friend's Wedding (1997),0.10885661341955898
My Crazy Life (Mi vida loca) (1993),-0.3623286509262706
My Fair Lady (1964),-0.019760996636696854
My Family (1995),-0.3240906080438341
My Favorite Year (1982),-0.05249662075584159
My Fellow Americans (1996),-0.08814002018114613
My Left Foot (1989),0.2251654686723753
My Life as a Dog (Mitt liv som hund) (1985),0.05365229094725083
My Man Godfrey (1936),0.19893754424376567
My Own Private Idaho (1991),-0.14759849072390893
Mystery Science Theater 3000: The Movie (1996),0.30180937463348756
Nadja (1994),-0.661693159884427
Naked (1993),-0.1808055417440216
Naked Gun 33 1/3: The Final Insult (1994),0.11578853166982374
National Lampoon's Senior Trip (1995),-0.6634034720037774
Natural Born Killers (1994),0.05376892167967324
Nell (1994),-0.035756728287203596
Nelly & Monsieur Arnaud (1995),-0.5000000000000001
"Neon Bible, The (1995)",-0.9999999999999999
"Net, The (1995)",0.18975276721883924
"NeverEnding Story III, The (1994)",0.17325923272968408
"Next Karate Kid, The (1994)",-0.2335496832484569
Nick of Time (1995),0.13349153235948044
Night Falls on Manhattan (1997),0.5152908162073783
Night of the Living Dead (1968),-0.07543297185401769
Night on Earth (1991),-0.13733603363370467
"Nightmare Before Christmas, The (1993)",0.10987835025513298
"Nightmare on Elm Street, A (1984)",0.20427717482651725
Nightwatch (1997),-0.9999999999999999
Nikita (La Femme Nikita) (1990),-0.040328224360976224
Nil By Mouth (1997),-0.9999999999999999
Nina Takes a Lover (1994),0.0
Nine Months (1995),0.06324575559010927
Ninotchka (1939),0.18623125657326023
Nixon (1995),-0.032238385426106846
No Escape (1994),1.0
Nobody's Fool (1994),-0.06258838907606724
North (1994),-0.6078306738548308
North by Northwest (1959),0.17713577138617886
"Nosferatu (Nosferatu, eine Symphonie des Grauens) (1922)",-0.24156078856255098
Nosferatu a Venezia (1986),-0.5000000000000001
Notorious (1946),-0.11518729647891585
Now and Then (1995),-0.07135060680126759
"Nutty Professor, The (1996)",0.20248552422412958
Of Human Bondage (1934),-0.5
Of Love and Shadows (1994),-0.8703882797784891
"Old Lady Who Walked in the Sea, The (Vieille qui marchait dans la mer, La) (1991)",0.9999999999999999
"Old Man and the Sea, The (1958)",0.20919835916430093
Old Yeller (1957),0.04781053881396244
Oliver & Company (1988),0.4229854787116595
"Omen, The (1976)",-0.06795304404681095
On Golden Pond (1981),0.04697135360006831
Once Upon a Time in America (1984),0.13679447001357337
Once Upon a Time in the West (1969),-0.0961980716418361
Once Upon a Time... When We Were Colored (1995),0.42512163922581825
Once Were Warriors (1994),-0.15313003709317224
One Fine Day (1996),0.04371306911124586
One Flew Over the Cuckoo's Nest (1975),0.07882860587390532
One Night Stand (1997),-0.16694514082354445
Only You (1994),0.26456526838179467
Operation Dumbo Drop (1995),0.07087297414960557
Original Gangstas (1996),0.25
Orlando (1993),-0.15009847284617936
Oscar & Lucinda (1997),-0.2927700218845599
Othello (1995),0.24090848545876284
Out to Sea (1997),0.1268225184887759
Outbreak (1995),0.19752527281209722
"Outlaw, The (1943)",0.9999999999999999
"Pagemaster, The (1994)",0.09419566270357481
"Pallbearer, The (1996)",0.017857142857142856
Palmetto (1998),-0.6470588235294119
Palookaville (1996),0.09205746178983236
Panther (1995),-0.7572401854185357
"Paper, The (1994)",0.1057617250221151
Paradise Lost: The Child Murders at Robin Hood Hills (1996),5.710550914864721e-17
Paradise Road (1997),0.7905694150420949
"Parent Trap, The (1961)",0.21971338562303136
Paris Is Burning (1990),0.24731264193679026
"Paris, Texas (1984)",0.07966342231611004
Party Girl (1995),-0.29134634537192616
Passion Fish (1992),-0.04667349212357179
Pather Panchali (1955),0.4850712500726659
Paths of Glory (1957),-0.03932435540536479
Patton (1970),0.17951986975474124
"Peacemaker, The (1997)",0.21649907989324202
Penny Serenade (1941),0.4200840252084029
"People vs. Larry Flynt, The (1996)",0.11340432093119487
"Perez Family, The (1995)",0.058684559732696366
"Perfect Candidate, A (1996)",0.40824829046386296
"Perfect World, A (1993)",0.22158287172777041
Persuasion (1995),0.16811430813875358
"Pest, The (1997)",0.30714755841697566
Pete's Dragon (1977),0.08955112634420428
"Phantom, The (1996)",0.1754866083730849
Phantoms (1998),-0.4823819106188661
Phat Beach (1996),-0.8660254037844385
Phenomenon (1996),-0.0223591583142894
Philadelphia (1993),0.0672190946119404
"Philadelphia Story, The (1940)",0.3142722725362817
"Piano, The (1993)",0.07130020140384728
Picnic (1955),0.31388241028717223
Picture Bride (1995),-0.09578262852211512
Picture Perfect (1997),0.23614302586532074
"Pillow Book, The (1995)",-0.0990664383982023
Pink Floyd - The Wall (1982),0.05756253720865706
Pinocchio (1940),0.34786765794741137
Platoon (1986),0.20633017339625867
Playing God (1997),-0.053300179088902666
Pocahontas (1995),0.129097097364555
Poetic Justice (1993),-0.5140393085152908
Poison Ivy II (1995),-0.7443314476960544
Pollyanna (1960),0.1521054509683367
"Pompatus of Love, The (1996)",0.30151134457776363
Ponette (1996),0.11172583840857879
"Portrait of a Lady, The (1996)",-0.11297925252352133
"Postino, Il (1994)",0.0859700158152858
"Postman, The (1997)",-0.2776626139778214
Powder (1995),-0.2532759495997609
"Preacher's Wife, The (1996)",-0.16254751066905845
Pretty Woman (1990),0.12194349633546282
Priest (1994),0.1182637515419555
Primal Fear (1996),0.12286232034540943
Primary Colors (1998),0.32081182634096866
"Princess Bride, The (1987)",0.25971080269376884
Princess Caraboo (1994),0.30140176385650774
Prisoner of the Mountains (Kavkazsky Plennik) (1996),0.9271726499455306
Private Benjamin (1980),-0.011746186705566325
Private Parts (1997),0.11266596801691224
"Professional, The (1994)",0.14064464301813184
"Program, The (1993)",0.16633458567833068
"Promesse, La (1996)",-0.30151134457776363
"Prophecy II, The (1998)",-0.2870846258816074
"Prophecy, The (1995)",-0.020239668840091075
Psycho (1960),0.06472479775855906
Pulp Fiction (1994),-0.021567540081708043
Pump Up the Volume (1990),0.20925379128461408
Purple Noon (1960),-0.408248290463863
Pushing Hands (1992),-0.9999999999999999
"Pyromaniac's Love Story, A (1995)",0.19245008972987515
"Queen Margot (Reine Margot, La) (1994)",-0.29669034154978857
"Quest, The (1996)",-0.23282097731225918
"Quick and the Dead, The (1995)",0.12680318457355813
"Quiet Man, The (1952)",0.004088262341669824
"Quiet Room, The (1996)",0.8660254037844387
Quiz Show (1994),0.12083749204866509
Race the Sun (1996),-0.2581988897471611
Radioland Murders (1994),-0.0632455532033676
Raging Bull (1980),-0.035647163514801856
Raiders of the Lost Ark (1981),0.5361171013729317
"Rainmaker, The (1997)",0.22426002541771992
Raise the Red Lantern (1991),0.05644701340361292
Raising Arizona (1987),0.07646306008122883
Ran (1985),0.14081768870003844
Ransom (1996),-0.0351843788377123
Ready to Wear (Pret-A-Porter) (1994),-0.40118870990143884
Real Genius (1985),-0.09610538929167928
Reality Bites (1994),0.14150276373918733
Rear Window (1954),0.06874860481694653
Rebecca (1940),-0.07703584662194275
Rebel Without a Cause (1955),0.1649435819536564
Reckless (1995),0.031814238148788886
Red Corner (1997),0.13847792735174932
"Red Firecracker, Green Firecracker (1994)",-0.23233009432114632
Red Rock West (1992),-0.13707457626388345
"Ref, The (1994)",0.2722778379669188
"Relic, The (1997)",-0.41203853874093704
"Remains of the Day, The (1993)",-0.11206737656905633
Renaissance Man (1994),0.2576502953024891
Rent-a-Kid (1995),-0.4819315973414993
"Replacement Killers, The (1998)",0.3949662066129922
Reservoir Dogs (1992),-0.01809572952281221
Restoration (1995),0.05340968250708612
"Return of Martin Guerre, The (Retour de Martin Guerre, Le) (1982)",0.1014097308841984
Return of the Jedi (1983),0.6725558558876059
"Return of the Pink Panther, The (1974)",0.14563153556008543
Rhyme & Reason (1997),0.8660254037844387
"Rich Man's Wife, The (1996)",-0.5590169943749475
Richard III (1995),-0.03532059018318979
Richie Rich (1994),-0.06521910365363996
Ridicule (1996),0.18696543882445132
"Right Stuff, The (1983)",0.2089073972348394
Rising Sun (1993),-0.1796323912212974
"River Wild, The (1994)",0.07614951418720353
"Road to Wellville, The (1994)",-0.34188172937891376
Rob Roy (1995),0.04806022025138695
Robert A. Heinlein's The Puppet Masters (1994),0.5673070188667115
Robin Hood: Men in Tights (1993),0.10957152831104976
Robin Hood: Prince of Thieves (1991),0.2749156806059881
Robocop 3 (1993),0.15498260496951669
"Rock, The (1996)",0.04793718714083157
Rocket Man (1997),-0.08295756874810899
Roman Holiday (1953),0.2943403414484452
Romeo Is Bleeding (1993),-0.04707094300713623
Romper Stomper (1992),-0.816496580927726
Romy and Michele's High School Reunion (1997),0.26011212886478674
"Room with a View, A (1986)",0.10715646862015579
Roommates (1995),0.0
Roseanna's Grave (For Roseanna) (1997),-1.0
Rosencrantz and Guildenstern Are Dead (1990),-0.19793514002669227
Rosewood (1997),0.0314494631110602
Ruby in Paradise (1993),-0.10216929429801364
Rudy (1993),-0.053108472239098446
"Ruling Class, The (1972)",-0.15018344142845833
Rumble in the Bronx (1995),0.022033015256558628
"Run of the Country, The (1995)",-0.3333333333333333
S.F.W. (1994),-0.9999999999999999
Sabrina (1954),0.31829167735840913
Sabrina (1995),0.1524387019373613
Safe (1995),0.04849781059596529
Safe Passage (1994),0.9999999999999999
"Saint, The (1997)",0.1058402264752345
Salut cousin! (1996),-0.9999999999999999
"Santa Clause, The (1994)",0.04342930242201235
"Scarlet Letter, The (1926)",0.9999999999999999
"Scarlet Letter, The (1995)",-0.3333333333333333
Schindler's List (1993),0.1009325424367298
Schizopolis (1996),-0.42640143271122083
"Scout, The (1994)",-0.05241424183609595
Scream (1996),0.13464781579375093
Scream 2 (1997),0.06046017370677721
Screamers (1995),0.17139546226044178
Searching for Bobby Fischer (1993),0.2221999910375841
"Second Jungle Book: Mowgli & Baloo, The (1997)",-0.3001225239993905
"Secret Adventures of Tom Thumb, The (1993)",-0.2581988897471611
"Secret Agent, The (1996)",0.17407765595569782
"Secret Garden, The (1993)",0.19157580892372736
"Secret of Roan Inish, The (1994)",0.08302316288084406
Secrets & Lies (1996),0.1810300470555719
Selena (1997),0.17753684185045354
Sense and Sensibility (1995),0.09037266366272673
Senseless (1998),-0.5
Serial Mom (1994),-0.022714240285850593
Set It Off (1996),0.10991665980832534
Seven (Se7en) (1995),0.006096469600956846
Seven Years in Tibet (1997),-0.10432851746739139
"Seventh Seal, The (Sjunde inseglet, Det) (1957)",-0.11124028604086084
"Sex, Lies, and Videotape (1989)",0.1410888989407069
Sgt. Bilko (1996),0.1729517546093895
Shadow Conspiracy (1997),-0.07167192307599965
"Shadow, The (1994)",0.1442115115006305
Shadowlands (1993),0.33294071565330746
"Shaggy Dog, The (1959)",-0.20280805062535753
Shall We Dance? (1937),0.12145026091189677
Shall We Dance? (1996),0.35490221614298584
Shallow Grave (1994),-0.10432316401465734
Shanghai Triad (Yao a yao yao dao waipo qiao) (1995),-0.11120768749710651
"Shawshank Redemption, The (1994)",0.17498584838405026
She's So Lovely (1997),-0.013394992994420481
She's the One (1996),0.028312209865251424
Shiloh (1997),0.29777500019127917
Shine (1996),0.1887993146110538
"Shining, The (1980)",0.039365065854977586
"Shooter, The (1995)",-0.7559289460184544
Short Cuts (1993),-0.06962182917516532
"Show, The (1995)",-0.9999999999999999
Showgirls (1995),-0.2484013136974297
"Silence of the Lambs, The (1991)",0.039487884517248356
"Simple Twist of Fate, A (1994)",0.3244428422615251
"Simple Wish, A (1997)",-0.8660254037844387
Singin' in the Rain (1952),0.2564947059605273
Sirens (1994),0.08250151081164069
Six Degrees of Separation (1993),-0.03654468174671092
"Sixth Man, The (1997)",-0.39223227027636814
Sleeper (1973),0.03474634807263168
Sleepers (1996),0.0883702371717592
Sleepless in Seattle (1993),0.17900255117621952
Sliding Doors (1998),-0.9999999999999999
Sling Blade (1996),0.17577789746067232
"Slingshot, The (1993)",-0.9999999999999999
Sliver (1993),-0.14675987714106856
Smilla's Sense of Snow (1997),-0.20344921121987147
Smoke (1995),0.02162614017554596
Sneakers (1992),0.18912967078566625
Snow White and the Seven Dwarfs (1937),0.27034600134543785
So Dear to My Heart (1949),-0.2773500981126145
So I Married an Axe Murderer (1993),0.2647090097962828
Solo (1996),0.0
Some Folks Call It a Sling Blade (1993),0.5090161595253088
Some Kind of Wonderful (1987),-0.1037955086131936
Some Like It Hot (1959),0.12429344898964993
Something to Talk About (1995),0.19835810459792957
Somewhere in Time (1980),0.16732069278074116
Son in Law (1993),0.18892952914436248
Sophie's Choice (1982),0.05904469701750701
Soul Food (1997),0.03547604729392141
"Sound of Music, The (1965)",0.08717325154231116
Space Jam (1996),0.07627944812104351
Spanking the Monkey (1994),0.06942940789103293
Spawn (1997),0.12607136109525288
"Specialist, The (1994)",-0.21435998892855682
Species (1995),0.1944861074010705
Speechless (1994),-0.10924071925432569
Speed (1994),0.07522785292379798
Speed 2: Cruise Control (1997),0.28397324945857866
Spellbound (1945),0.0567656724456447
Sphere (1998),-0.032614658611868956
Spice World (1997),-0.0877058019307029
"Spitfire Grill, The (1996)",0.2793607102798015
Spy Hard (1996),-0.11753340083968214
Squeeze (1996),-0.9999999999999999
Stag (1997),-0.2988071523335984
Stalingrad (1993),0.4393880291048717
Stalker (1979),-0.29370130064810657
Stand by Me (1986),0.08376803542437235
"Star Maker, The (Uomo delle stelle, L') (1995)",0.34426518632954817
Star Maps (1997),-0.5533985905294664
Star Trek III: The Search for Spock (1984),0.2019751295350018
Star Trek IV: The Voyage Home (1986),0.15695963697604942
Star Trek V: The Final Frontier (1989),0.023762422826087915
Star Trek VI: The Undiscovered Country (1991),0.08625580124837129
Star Trek: First Contact (1996),0.25552913932512544
Star Trek: Generations (1994),0.25431964788038264
Star Trek: The Motion Picture (1979),0.26065415143332266
Star Trek: The Wrath of Khan (1982),0.2822057080699715
Star Wars (1977),0.9999999999999999
Stargate (1994),0.07974973176921375
Starship Troopers (1997),0.06332976941348159
"Steal Big, Steal Little (1995)",-0.15811388300841903
Stealing Beauty (1996),-0.11056311770140984
Steel (1997),0.17677669529663695
Stephen King's The Langoliers (1995),0.09218525157498067
"Sting, The (1973)",0.3675383445161531
Strange Days (1995),0.14550616320108561
Stranger in the House (1997),-0.8660254037844387
Strawberry and Chocolate (Fresa y chocolate) (1993),0.13944333775567924
Street Fighter (1994),-0.5803810000880092
"Streetcar Named Desire, A (1951)",0.15014605215595267
Strictly Ballroom (1992),-0.037459542113160084
Striking Distance (1993),-0.36369648372665403
Stripes (1981),1.0
Striptease (1996),0.04414185638410394
Stuart Saves His Family (1995),0.1164445019479164
"Stupids, The (1996)",-0.21287339294880644
SubUrbia (1997),-0.06415002990995841
"Substance of Fire, The (1996)",0.8660254037844387
"Substitute, The (1996)",0.1184697755518184
Sudden Death (1995),-0.040267186766975265
Sudden Manhattan (1996),-0.9999999999999999
"Sum of Us, The (1994)",-0.5601120336112038
Sunset Blvd. (1950),-0.04561409506715893
Sunset Park (1996),0.23354968324845687
Super Mario Bros. (1993),0.024020542917073964
Supercop (1992),-0.062060186403503304
Surviving Picasso (1996),0.3207211175227615
Surviving the Game (1994),0.07689058565365567
Suture (1993),-0.30151134457776363
"Swan Princess, The (1994)",0.20080483222562467
"Sweet Hereafter, The (1997)",-0.18612801518717106
Swept from the Sea (1997),-1.0
Swimming with Sharks (1995),-0.02460929180276013
Swingers (1996),0.2893102606495329
Swiss Family Robinson (1960),-0.288767745108289
Switchback (1997),-0.6333004963811235
Switchblade Sisters (1975),-0.3905157367512948
"Sword in the Stone, The (1963)",0.0927769109366059
Tales From the Crypt Presents: Demon Knight (1995),0.05056388471681835
Tales from the Crypt Presents: Bordello of Blood (1996),0.24908654366595206
Tales from the Hood (1995),-0.05812313756357794
"Tango Lesson, The (1997)",-0.17960530202677488
Tank Girl (1995),0.11670469665214322
Taxi Driver (1976),0.029863126806926696
Telling Lies in America (1997),-0.6123724356957946
Temptress Moon (Feng Yue) (1996),-0.5
Terminal Velocity (1994),0.0028752731639264837
Terminator 2: Judgment Day (1991),0.20759870804044323
"Terminator, The (1984)",0.26225457566458305
Tetsuo II: Body Hammer (1992),-0.4330127018922193
That Darn Cat! (1965),0.3180214220162931
That Darn Cat! (1997),-0.15790770969355258
That Old Feeling (1997),0.7500000000000001
That Thing You Do! (1996),0.19019808428410812
Theodore Rex (1995),-1.0
"Thieves (Voleurs, Les) (1996)",0.09925833339709308
"Thin Blue Line, The (1988)",0.18251209227397092
"Thin Line Between Love and Hate, A (1996)",-0.23906090081865872
"Thin Man, The (1934)",0.03386266071001973
Things to Do in Denver when You're Dead (1995),0.33771392275794215
Thinner (1996),0.17178176305846013
"Third Man, The (1949)",0.0209197606039148
Thirty-Two Short Films About Glenn Gould (1993),0.054954807038520216
This Is Spinal Tap (1984),-0.0807956059483351
"Thousand Acres, A (1997)",-0.019737269249541722
"Three Caballeros, The (1945)",0.29215790613731
Three Colors: Blue (1993),-0.1606906619054232
Three Colors: Red (1994),-0.07677269135488055
Three Colors: White (1994),-0.07791265785778517
"Three Musketeers, The (1993)",0.10133891838762786
Three Wishes (1995),-0.6462208449906511
Threesome (1994),-0.17337914721018485
Tie Me Up! Tie Me Down! (1990),0.38241726674580145
"Tie That Binds, The (1995)",-0.21128856368212912
"Time to Kill, A (1996)",-0.042790146196050864
Timecop (1994),-0.20872875629346274
Tin Cup (1996),0.11727977196526798
"Tin Drum, The (Blechtrommel, Die) (1979)",0.06773744090395585
Tin Men (1987),-0.07415804002005778
Titanic (1997),0.08192845788489903
To Be or Not to Be (1942),0.3198010745334156
To Catch a Thief (1955),0.23684293966186168
To Die For (1995),0.0807305469093771
To Gillian on Her 37th Birthday (1996),-0.12307854147732654
"To Have, or Not (1995)",-0.9999999999999999
To Kill a Mockingbird (1962),0.1290120212798343
To Live (Huozhe) (1994),-0.5193819785289562
"To Wong Foo, Thanks for Everything! Julie Newmar (1995)",-0.007991041437334393
Tom & Viv (1994),-0.2618174690443214
Tom and Huck (1995),0.4144781691526535
Tombstone (1993),1.7944212290635978e-17
Tommy Boy (1995),0.15173860560822028
Tomorrow Never Dies (1997),0.25521031752041656
Top Gun (1986),0.17481517115882206
Top Hat (1935),0.21984625293172422
Total Eclipse (1995),-0.09759000729485331
Touch (1997),0.3668996928526714
Touch of Evil (1958),-0.13169400199321812
Tough and Deadly (1995),-0.9999999999999999
Toy Story (1995),0.1800197361089068
Trainspotting (1996),0.021503559534362785
"Transformers: The Movie, The (1986)",0.23645626171439738
Traveller (1997),0.5375872022286247
"Treasure of the Sierra Madre, The (1948)",-0.1032756751883865
Trees Lounge (1996),-0.16553390284928687
Trial and Error (1997),0.013986355971611472
Trial by Jury (1994),-0.5717718748968655
"Trigger Effect, The (1996)",0.33753729389058235
True Crime (1995),0.11633501014942217
True Lies (1994),0.19830597570273378
True Romance (1993),0.16294712845729972
Trust (1990),-0.014731391274719714
"Truth About Cats & Dogs, The (1996)",0.14582132481344837
"Truth or Consequences, N.M. (1997)",0.5
Turbulence (1997),-0.040996003084539386
Twelfth Night (1996),-0.06678669374020495
Twelve Monkeys (1995),0.155530472770686
Twilight (1998),-0.5
Twin Town (1997),-0.7288689868556625
Twisted (1996),0.9999999999999999
Twister (1996),0.03823199967587766
Two Bits (1995),0.18898223650461363
Two Deaths (1995),-1.0
Two Much (1996),-0.31524416249564025
Two if by Sea (1996),-0.16547190813232432
Two or Three Things I Know About Her (1966),-0.4999999999999999
U Turn (1997),-0.19459465105761348
U.S. Marshalls (1998),0.0
Ulee's Gold (1997),0.07515857174806692
"Umbrellas of Cherbourg, The (Parapluies de Cherbourg, Les) (1964)",-0.03281089794448549
"Unbearable Lightness of Being, The (1988)",-0.06151217188712327
Under Siege (1992),0.02670382676981929
Under Siege 2: Dark Territory (1995),0.06788479530882799
Underground (1995),0.05096471914376255
"Underneath, The (1995)",-0.9271726499455306
Underworld (1997),-0.5773502691896257
Unforgettable (1996),0.03482930043478293
Unforgiven (1992),0.05505922131273227
Unhook the Stars (1996),0.7717436331412897
Unstrung Heroes (1995),0.08925126200637169
Until the End of the World (Bis ans Ende der Welt) (1991),0.0027603568797991687
Unzipped (1995),0.22896983309165295
Up Close and Personal (1996),0.10156766498588457
Up in Smoke (1978),0.007017543859649176
"Usual Suspects, The (1995)",0.2110745333134688
Vampire in Brooklyn (1995),0.2843750615423936
"Van, The (1996)",-0.3563483225498992
Vanya on 42nd Street (1994),-0.0613272312816591
Vegas Vacation (1997),0.12081391213389243
Vertigo (1958),0.08063541603527062
"Very Brady Sequel, A (1996)",0.05837260025629513
Victor/Victoria (1982),0.055386301734227796
Village of the Damned (1995),-0.18804435361115038
Virtuosity (1995),0.22433050010043165
Volcano (1997),0.04594747502522652
Wag the Dog (1997),0.31864457042428074
Waiting for Guffman (1996),0.37824625482237473
Waiting to Exhale (1995),0.20632490039990226
"Walk in the Clouds, A (1995)",-0.2570074902998236
Walkabout (1971),-0.07720684243534659
"Walking Dead, The (1995)",-0.5222329678670935
Walking and Talking (1996),-0.4409585518440984
Wallace & Gromit: The Best of Aardman Animation (1996),0.11927025096700394
"War Room, The (1993)",0.43386091563731255
"War, The (1994)",0.22390553775994934
Warriors of Virtue (1997),0.2560737598657919
Washington Square (1997),-0.08502303018977035
Waterworld (1995),0.09330038325921483
"Wedding Gift, The (1994)",0.8660254037844387
"Wedding Singer, The (1998)",0.10530356725923638
Weekend at Bernie's (1989),-0.07502267873939004
Welcome To Sarajevo (1997),-0.3571428571428571
Welcome to the Dollhouse (1995),-0.0027585839525154578
Wes Craven's New Nightmare (1994),0.27923985804453577
What Happened Was... (1994),-0.7783117824941562
What's Eating Gilbert Grape (1993),-0.06049459441102157
What's Love Got to Do with It (1993),0.29142911567143104
When Harry Met Sally... (1989),0.11984896390749102
When We Were Kings (1996),0.5151640668187654
When a Man Loves a Woman (1994),0.10281225526090444
When the Cats Away (Chacun cherche son chat) (1996),0.09630764857562947
While You Were Sleeping (1995),0.15611882612609135
"White Balloon, The (1995)",-0.578687658679514
White Man's Burden (1995),0.26261286571944514
White Squall (1996),-0.14467276715013044
"Whole Wide World, The (1996)",0.0
Widows' Peak (1994),0.13674274718610488
Wild America (1997),0.040655781409087086
Wild Bill (1995),-0.2862991671569341
"Wild Bunch, The (1969)",-0.041299103070656755
Wild Reeds (1994),-0.3779644730092272
Wild Things (1998),-0.25943726083138535
William Shakespeare's Romeo and Juliet (1996),0.09886128380531871
Willy Wonka and the Chocolate Factory (1971),0.22190206420071615
Wings of Desire (1987),-0.10477083798516994
"Wings of the Dove, The (1997)",0.0
Winnie the Pooh and the Blustery Day (1968),0.14292381605841292
"Winter Guest, The (1997)",0.35355339059327373
Wishmaster (1997),-0.06693161223797402
With Honors (1994),-0.11120517397275878
Withnail and I (1987),0.08304547985374001
"Wizard of Oz, The (1939)",0.2663352521412947
Wolf (1994),0.11321445328072074
"Women, The (1939)",-0.17560758321526887
"Wonderful, Horrible Life of Leni Riefenstahl, The (1993)",0.7071067811865475
"World of Apu, The (Apur Sansar) (1959)",-0.5222329678670935
"Wrong Trousers, The (1993)",0.2162039833261525
Wyatt Earp (1994),0.05955985398562664
Year of the Horse (1997),-0.9999999999999999
Young Frankenstein (1974),0.19258866657781298
Young Guns (1988),0.1863769594544999
Young Guns II (1990),0.22861497842960643
"Young Poisoner's Handbook, The (1995)",-0.0073737009604892345
Zeus and Roxanne (1997),0.8181818181818182
unknown,0.7231232535460357
